[{"model": "contenttypes.contenttype", "fields": {"app_label": "admin", "model": "logentry"}}, {"model": "contenttypes.contenttype", "fields": {"app_label": "auth", "model": "permission"}}, {"model": "contenttypes.contenttype", "fields": {"app_label": "auth", "model": "group"}}, {"model": "contenttypes.contenttype", "fields": {"app_label": "auth", "model": "user"}}, {"model": "contenttypes.contenttype", "fields": {"app_label": "contenttypes", "model": "contenttype"}}, {"model": "contenttypes.contenttype", "fields": {"app_label": "sessions", "model": "session"}}, {"model": "contenttypes.contenttype", "fields": {"app_label": "busiwebapp", "model": "admin"}}, {"model": "contenttypes.contenttype", "fields": {"app_label": "busiwebapp", "model": "brand"}}, {"model": "contenttypes.contenttype", "fields": {"app_label": "busiwebapp", "model": "category"}}, {"model": "contenttypes.contenttype", "fields": {"app_label": "busiwebapp", "model": "shoes"}}, {"model": "contenttypes.contenttype", "fields": {"app_label": "busiwebapp", "model": "toys"}}, {"model": "contenttypes.contenttype", "fields": {"app_label": "busiwebapp", "model": "apparels"}}, {"model": "contenttypes.contenttype", "fields": {"app_label": "busiwebapp", "model": "order"}}, {"model": "contenttypes.contenttype", "fields": {"app_label": "busiwebapp", "model": "userprofile"}}, {"model": "sessions.session", "pk": "78aj5ii7j3306jk2fu1lp343fsg4d57e", "fields": {"session_data": ".eJxVjDEKwzAMAP-iuRjLiY2dsXvfECRZrtOWBOJkKv17CWRo17vj3jDSvtVxb7qOU4YBPFx-GZM8dT5EftB8X4ws87ZObI7EnLaZ25L1dT3bv0GlVmGALkbsNWRkTbagJGIv6LEUx7HvJAdV30Uu5GzxQZJ1YtFx6FO2GAk-X-6cN_c:1wBxD5:oFIvisWA4D2OENLibIZNlm7lz9m39YrYQ5luU1Ql43k", "expire_date": "2026-04-26T15:58:55.186Z"}}, {"model": "sessions.session", "pk": "cxwn15pbsem1yll058xa66rvzk9ci3du", "fields": {"session_data": ".eJxVjMsOgjAQRf-la9N0kLaDS_d-A-k8ENS0CYWV8d-FhIVu7znnvk2f1mXs16pzP4m5GDSn340SPzXvQB4p34vlkpd5Irsr9qDV3oro63q4fwdjquNWu4ZjKw4pNuRdVCb0GsULYHDa0NlvwsARAg5BOu4AiBE8BMCBWjSfL9zfN4I:1wCesP:WESQaExkN5yOTqUo-twnJbEGyN9IJq7Ugx3nE3w_rwg", "expire_date": "2026-04-28T14:36:29.876Z"}}, {"model": "sessions.session", "pk": "ghezhzyqdvpz1u2c37g41lgq1dwy6egf", "fields": {"session_data": ".eJxVjDEOAiEQRe9CbUhgAMHS3jMQhmFk1UCy7FbGu-uaLbT97_33FDGtS43rKHOcSJyEMuLwO2LK99I2QrfUrl3m3pZ5QrkpcqdDXjqVx3l3_wI1jfrtsk2AxRhNxWMCa9g5yhSyChS0tscAFhjBecWBC2T_uXAAg0TgxOsNEts4VA:1wKyE2:fYkYm2-7H0EVcpMAVIUuK1kj5lzY5Gku1GZU2CZPl2w", "expire_date": "2026-05-21T12:53:10.570Z"}}, {"model": "busiwebapp.brand", "pk": 1, "fields": {"name": "Nike"}}, {"model": "busiwebapp.brand", "pk": 2, "fields": {"name": "Nike"}}, {"model": "busiwebapp.brand", "pk": 3, "fields": {"name": "Nike"}}, {"model": "busiwebapp.brand", "pk": 4, "fields": {"name": "Nike"}}, {"model": "busiwebapp.brand", "pk": 5, "fields": {"name": "Jordan"}}, {"model": "busiwebapp.brand", "pk": 6, "fields": {"name": "Jordan"}}, {"model": "busiwebapp.brand", "pk": 7, "fields": {"name": "Adidas"}}, {"model": "busiwebapp.brand", "pk": 8, "fields": {"name": "Adidas"}}, {"model": "busiwebapp.brand", "pk": 9, "fields": {"name": "New Balance"}}, {"model": "busiwebapp.brand", "pk": 10, "fields": {"name": "New Balance"}}, {"model": "busiwebapp.brand", "pk": 11, "fields": {"name": "Puma"}}, {"model": "busiwebapp.brand", "pk": 12, "fields": {"name": "Vans"}}, {"model": "busiwebapp.brand", "pk": 13, "fields": {"name": "Converse"}}, {"model": "busiwebapp.brand", "pk": 14, "fields": {"name": "Reebok"}}, {"model": "busiwebapp.brand", "pk": 15, "fields": {"name": "Nike"}}, {"model": "busiwebapp.brand", "pk": 16, "fields": {"name": "Nike"}}, {"model": "busiwebapp.brand", "pk": 17, "fields": {"name": "Adidas"}}, {"model": "busiwebapp.brand", "pk": 18, "fields": {"name": "Puma"}}, {"model": "busiwebapp.brand", "pk": 19, "fields": {"name": "Vans"}}, {"model": "busiwebapp.brand", "pk": 20, "fields": {"name": "New Balance"}}, {"model": "busiwebapp.brand", "pk": 21, "fields": {"name": "Adidas"}}, {"model": "busiwebapp.category", "pk": 1, "fields": {"name": "Sneakers"}}, {"model": "busiwebapp.category", "pk": 2, "fields": {"name": "Sneakers"}}, {"model": "busiwebapp.category", "pk": 3, "fields": {"name": "Sneakers"}}, {"model": "busiwebapp.category", "pk": 4, "fields": {"name": "Sneakers"}}, {"model": "busiwebapp.category", "pk": 5, "fields": {"name": "Sneakers"}}, {"model": "busiwebapp.category", "pk": 6, "fields": {"name": "Sneakers"}}, {"model": "busiwebapp.category", "pk": 7, "fields": {"name": "Sneakers"}}, {"model": "busiwebapp.category", "pk": 8, "fields": {"name": "Sneakers"}}, {"model": "busiwebapp.category", "pk": 9, "fields": {"name": "Sneakers"}}, {"model": "busiwebapp.category", "pk": 10, "fields": {"name": "Sneakers"}}, {"model": "busiwebapp.category", "pk": 11, "fields": {"name": "Sneakers"}}, {"model": "busiwebapp.category", "pk": 12, "fields": {"name": "Sneakers"}}, {"model": "busiwebapp.category", "pk": 13, "fields": {"name": "Sneakers"}}, {"model": "busiwebapp.category", "pk": 14, "fields": {"name": "T-Shirts"}}, {"model": "busiwebapp.category", "pk": 15, "fields": {"name": "Hoodies"}}, {"model": "busiwebapp.category", "pk": 16, "fields": {"name": "Jackets"}}, {"model": "busiwebapp.category", "pk": 17, "fields": {"name": "Hoodies"}}, {"model": "busiwebapp.category", "pk": 18, "fields": {"name": "T-Shirts"}}, {"model": "busiwebapp.category", "pk": 19, "fields": {"name": "Pants"}}, {"model": "busiwebapp.category", "pk": 20, "fields": {"name": "T-Shirts"}}, {"model": "busiwebapp.shoes", "pk": 2, "fields": {"name": "Air Force 1 Low \"White Butterflies\"", "price": 4200.0, "stock": 10, "description": "Model\r\nIH4480-100 |\r\nRelease Date\r\n2025-06-20 | \r\nOccasion \r\nlifestyle | \r\nColorway\r\nWhite/White/Black", "image_front": "shoes/Air_Force_1_Low_White_Butterflies__FRONT.webp", "image_back": "shoes/Air_Force_1_Low_White_Butterflies__BACK.webp", "image_left": "shoes/Air_Force_1_Low_White_Butterflies__LEFT.webp", "image_right": "shoes/Air_Force_1_Low_White_Butterflies__RIGHT.webp", "color": "White", "gender": "Unisex", "category": 2, "brand": 2, "is_available": true, "old_price": null}}, {"model": "busiwebapp.shoes", "pk": 3, "fields": {"name": "Air Max 90 SE 'Black Scream Green'", "price": 8500.0, "stock": 10, "description": "Model\r\nDN4155-001\r\nRelease Date\r\n2022-05-17\r\nSeries\r\nAir Max\r\nSub Series\r\nAir Max 90\r\nOccasion\r\nlifestyle\r\nColorway\r\nBlack/White/Green", "image_front": "shoes/Air_Max_90_SE_Black_Scream_Green__FRONT.webp", "image_back": "shoes/Air_Max_90_SE_Black_Scream_Green__BACK.webp", "image_left": "shoes/Air_Max_90_SE_Black_Scream_Green__LEFT.webp", "image_right": "shoes/Air_Max_90_SE_Black_Scream_Green__RIGHT.webp", "color": "White, Black & Cream", "gender": "Unisex", "category": 3, "brand": 3, "is_available": true, "old_price": null}}, {"model": "busiwebapp.shoes", "pk": 4, "fields": {"name": "Nike Dunk Low \"Vintage Navy\"", "price": 6800.0, "stock": 10, "description": "Model\r\nDD1503-115 | \r\nRelease Date\r\n2022-01-14 | \r\nOccasion\r\nlifestyle | \r\nColorway\r\nBlue/White", "image_front": "shoes/Nike_Dunk_Low_Vintage_Navy__FRONT.webp", "image_back": "shoes/Nike_Dunk_Low_Vintage_Navy__BACK.webp", "image_left": "shoes/Nike_Dunk_Low_Vintage_Navy__LEFT.webp", "image_right": "shoes/Nike_Dunk_Low_Vintage_Navy__RIGHT.webp", "color": "Navy Blue & White", "gender": "Unisex", "category": 4, "brand": 4, "is_available": true, "old_price": null}}, {"model": "busiwebapp.shoes", "pk": 17, "fields": {"name": "Stan Smith 'Superstan'", "price": 9700.0, "stock": 10, "description": "Model\r\nFW6095\r\nOccasion\r\nlifestyle\r\nColorway\r\nWhite\r\nRelease Date\r\n2020-08-26\r\nSeries\r\nStan Smith\r\nNickname\r\nSuperstan", "image_front": "shoes/ADIDAS_Stan_Smith_Superstan__FRONT_cec2oPX.webp", "image_back": "shoes/ADIDAS_Stan_Smith_Superstan__BACK_ZR5gsKT.webp", "image_left": "shoes/ADIDAS_Stan_Smith_Superstan__LEFT_yvI4kq1.webp", "image_right": "shoes/ADIDAS_Stan_Smith_Superstan__RIGHT_PlcsQLh.webp", "color": "White", "gender": "Unisex", "category": 10, "brand": 7, "is_available": true, "old_price": null}}, {"model": "busiwebapp.shoes", "pk": 18, "fields": {"name": "Air Jordan 1 Low SE Craft 'Inside Out'", "price": 9800.0, "stock": 23, "description": "Specs\r\nModel\r\nDN1635-100\r\nRelease Date\r\n2022-08-03\r\nSeries\r\nAir Jordan 1\r\nSub Series\r\nAir Jordan 1 Low\r\nOccasion\r\nlifestyle\r\nColorway\r\nCream/Whte/Light Grey", "image_front": "shoes/Air_Jordan_1_Low_SE_Craft_Inside_Out_FRONT_GVAGASC.webp", "image_back": "shoes/Air_Jordan_1_Low_SE_Craft_Inside_Out_BACK_S616k9l.webp", "image_left": "shoes/Air_Jordan_1_Low_SE_Craft_Inside_Out_LEFT_dp7OTQj.webp", "image_right": "shoes/Air_Jordan_1_Low_SE_Craft_Inside_Out_RIGHT_xqNcsWE.webp", "color": "White", "gender": "Unisex", "category": 12, "brand": 5, "is_available": true, "old_price": null}}, {"model": "busiwebapp.shoes", "pk": 19, "fields": {"name": "Air Jordan 1 Mid Rookie Season", "price": 9000.0, "stock": 15, "description": "Model\r\nDR6496-116\r\nRelease Date\r\n2022-11-30\r\nSeries\r\nAir Jordan 1\r\nSub Series\r\nAir Jordan 1 Mid\r\nOccasion\r\nlifestyle\r\nColorway\r\nWHITE/UNIV RED", "image_front": "shoes/Air_Jordan_1_Mid_Rookie_Season__FRONT_l6KkGgF.webp", "image_back": "shoes/Air_Jordan_1_Mid_Rookie_Season__BACK_nIGbCRX.webp", "image_left": "shoes/Air_Jordan_1_Mid_Rookie_Season__LEFT_Q8CvbmI.webp", "image_right": "shoes/Air_Jordan_1_Mid_Rookie_Season__RIGHT_sZzl3rO.webp", "color": "White, Red", "gender": "Unisex", "category": 12, "brand": 5, "is_available": true, "old_price": null}}, {"model": "busiwebapp.shoes", "pk": 20, "fields": {"name": "Air Jordan 4 Retro 'Black Cat'", "price": 24000.0, "stock": 3, "description": "Model\r\nFV5029-010\r\nOccasion\r\nlifestyle\r\nColorway\r\nBlack/Black/Light Graphite\r\nRelease Date\r\n2025-11-28\r\nSeries\r\nAir Jordan 4\r\nNickname\r\nBlack Cat", "image_front": "shoes/Air_Jordan_4_Retro_Black_Cat__FRONT_WHOE5YX.webp", "image_back": "shoes/Air_Jordan_4_Retro_Black_Cat__BACK_dHxXOmG.webp", "image_left": "shoes/Air_Jordan_4_Retro_Black_Cat__LEFT_y0HCcXk.webp", "image_right": "shoes/Air_Jordan_4_Retro_Black_Cat__RIGHT_uBAn8Z4.webp", "color": "Black", "gender": "Unisex", "category": 10, "brand": 5, "is_available": true, "old_price": null}}, {"model": "busiwebapp.shoes", "pk": 21, "fields": {"name": "Air Jordan 4 Retro 'Vivid Sulfur'", "price": 15000.0, "stock": 7, "description": "Model\r\nAQ9129-101\r\nOccasion\r\nlifestyle\r\nColorway\r\nWhite/Coconut Milk/Vivid Sulfur/Anthracite\r\nRelease Date\r\n2024-04-06\r\nSeries\r\nAir Jordan 4\r\nNickname\r\nVivid Sulfur", "image_front": "shoes/Air_Jordan_4_Retro_Vivid_Sulfur__FRONT_lOX5xSC.webp", "image_back": "shoes/Air_Jordan_4_Retro_Vivid_Sulfur__BACK_F1vR2h3.webp", "image_left": "shoes/Air_Jordan_4_Retro_Vivid_Sulfur__LEFT_dMsHRfw.webp", "image_right": "shoes/Air_Jordan_4_Retro_Vivid_Sulfur__RIGHT_aZRybzl.webp", "color": "Yellow, White, & Black", "gender": "Unisex", "category": 12, "brand": 5, "is_available": true, "old_price": null}}, {"model": "busiwebapp.shoes", "pk": 22, "fields": {"name": "Air Jorda 1 Low SE 'Lightbulb'", "price": 8500.0, "stock": 12, "description": "Model\r\nCZ3572-104\r\nRelease Date\r\n2020-04-08\r\nSeries\r\nAir Jordan 1\r\nSub Series\r\nAir Jordan 1 Low\r\nOccasion\r\nlifestyle\r\nColorway\r\nWhite/Multi-Color", "image_front": "shoes/AJ_1_Low_SE_Lightbulb__FRONT_KUw4e7N_dU1e14e.webp", "image_back": "shoes/AJ_1_Low_SE_Lightbulb__BACK_j3TaUol_3yNIZlM.webp", "image_left": "shoes/AJ_1_Low_SE_Lightbulb_LEFT_FXEfrNY_F7fb9Jo.webp", "image_right": "shoes/AJ_1_Low_SE_Lightbulb__RIGHT_40VItMP_5OgcZNU.webp", "color": "Multi", "gender": "Unisex", "category": 13, "brand": 6, "is_available": true, "old_price": null}}, {"model": "busiwebapp.shoes", "pk": 23, "fields": {"name": "Kobe 5 Protro 'Year of the Mamba University Red'", "price": 20000.0, "stock": 10, "description": "Model HF5182-600 | \r\nRelease Date\r\n2025-01-18  |  \r\nSeries\r\nKobe  |  \r\nNickname\r\nYear of the Mamba University Red  | \r\nThickness\r\nRegular Sole  |  \r\nUpper Material\r\nSynthetic Leather  \r\nClosure\r\nLacing\r\nSub Series  |  \r\nKobe 5\r\nOccasion  |  \r\nbasketball\r\nColorway  |  \r\nUniversity Red/Black/Metallic Gold\r\nSole Material  |  \r\nRubber Sole\r\nColor  |  \r\nred\r\nUpper\r\nLow top\r\nToe Type\r\nRound Toe", "image_front": "shoes/N_Kobe_5_Protro_Year_of_the_Mamba_University_Red__FRONT_mb3JwJV_11FrhTB.webp", "image_back": "shoes/N_Kobe_5_Protro_Year_of_the_Mamba_University_Red__BACK_x0rvVEA_kHSjCKF.webp", "image_left": "shoes/N_Kobe_5_Protro_Year_of_the_Mamba_University_Red__LEFT_YEl1P7X.webp", "image_right": "shoes/N_Kobe_5_Protro_Year_of_the_Mamba_University_Red__RIGHT_tAK2UOV_INsbdMs.webp", "color": "Red", "gender": "Male", "category": 12, "brand": 3, "is_available": true, "old_price": null}}, {"model": "busiwebapp.shoes", "pk": 24, "fields": {"name": "Jordan 4 Retro", "price": 4000.0, "stock": 10, "description": "Jordan 4 Retro shoe style", "image_front": "shoes/air_forcelow1.jpg", "image_back": "shoes/air_forcelow1_NhYyiSl.jpg", "image_left": "shoes/air_forcelow1_114O4cd.jpg", "image_right": "shoes/574classic.jpg", "color": "white", "gender": "Unisex", "category": 12, "brand": 5, "is_available": true, "old_price": null}}, {"model": "busiwebapp.apparels", "pk": 1, "fields": {"name": "Tech Fleece Full Zip Windrunner Hooded Jacket Asia Sizing 'Black'", "price": 5000.0, "stock": 10, "description": "Model\r\nFB7922-010\r\nOccasion\r\nlifestyle\r\nColorway\r\nBlack/Multi-Color\r\nRelease Date\r\n2023-09-07\r\nSeries\r\nHoodies\r\nNickname\r\nBlack", "image_front": "apparels/Tech_Fleece_Full_Zip_Windrunner_Hooded_Jacket_Asia_Sizing_Black__FRONT.webp", "image_back": "apparels/Tech_Fleece_Full_Zip_Windrunner_Hooded_Jacket_Asia_Sizing_Black__BACK.webp", "image_left": "apparels/Tech_Fleece_Full_Zip_Windrunner_Hooded_Jacket_Asia_Sizing_Black__LEFT.webp", "image_right": "apparels/Tech_Fleece_Full_Zip_Windrunner_Hooded_Jacket_Asia_Sizing_Black__RIGHT.webp", "color": "Black", "gender": "Unisex", "category": 16, "brand": 15, "is_available": true, "old_price": null}}, {"model": "busiwebapp.apparels", "pk": 2, "fields": {"name": "CTT Track Jacket 3.1 Asia Sizing 'Chinese New Year CNY Olive'", "price": 2800.0, "stock": 10, "description": "Model\r\nKT3847\r\nOccasion\r\nlifestyle\r\nColorway\r\nOlive\r\nRelease Date\r\n2025-12-10\r\nSeries\r\nJackets\r\nNickname\r\nOlive", "image_front": "apparels/CTT_Track_Jacket_3.1_Asia_Sizing_Chinese_New_Year_CNY_Olive__LEFT.webp", "image_back": "apparels/CTT_Track_Jacket_3.1_Asia_Sizing_Chinese_New_Year_CNY_Olive__RIGHT.webp", "image_left": "apparels/CTT_Track_Jacket_3_J6XU4id.1_Asia_Sizing_Chinese_New_Year_CNY_Olive__LEFT.webp", "image_right": "apparels/CTT_Track_Jacket_3_AxA8dH0.1_Asia_Sizing_Chinese_New_Year_CNY_Olive__RIGHT.webp", "color": "Olive", "gender": "Unisex", "category": 16, "brand": 17, "is_available": true, "old_price": null}}, {"model": "busiwebapp.apparels", "pk": 3, "fields": {"name": "originals Fur Jacket Tr HR3483 'Black'", "price": 2200.0, "stock": 10, "description": "Model\r\nHR3483\r\nOccasion\r\nlifestyle\r\nColor\r\nblack\r\nRelease Date\r\n2022-11-02\r\nSeries\r\nJackets", "image_front": "apparels/originals_Fur_Jacket_Tr__FRONT.webp", "image_back": "apparels/originals_Fur_Jacket_Tr__BACK.webp", "image_left": "apparels/adidas_originals_Fur_Jacket_Tr__LEFT.webp", "image_right": "apparels/originals_Fur_Jacket_Tr__RIGHT.webp", "color": "Black", "gender": "Unisex", "category": 16, "brand": 17, "is_available": true, "old_price": null}}, {"model": "busiwebapp.apparels", "pk": 4, "fields": {"name": "Sportswear NSW TEE BIG SWOOSH Logo T 'White'", "price": 2000.0, "stock": 10, "description": "Model\r\nDZ2882-100\r\nOccasion\r\nlifestyle\r\nColorway\r\nWhite/Black\r\nRelease Date\r\n2023-04-18\r\nSeries\r\nApparel\r\nNickname\r\nWhite", "image_front": "apparels/Sportswear_NSW_TEE_BIG_SWOOSH_Logo_T_White__FRONT_psWiTGl.webp", "image_back": "apparels/Sportswear_NSW_TEE_BIG_SWOOSH_Logo_T_White__BACK_mJDB3mf.webp", "image_left": "apparels/Sportswear_NSW_TEE_BIG_SWOOSH_Logo_T_White__LEFT_s2KLg8e.webp", "image_right": "apparels/Sportswear_NSW_TEE_BIG_SWOOSH_Logo_T_White__RIGHT_MPG2b1f.webp", "color": "White", "gender": "Unisex", "category": 18, "brand": 16, "is_available": true, "old_price": null}}, {"model": "busiwebapp.apparels", "pk": 5, "fields": {"name": "Air Jordan x Travis Scott Leather Moto Jacket 'Archaeo Brown'_", "price": 14000.0, "stock": 5, "description": "Model\r\nDX6168-256\r\nOccasion\r\nlifestyle\r\nColorway\r\nArchaeo Brown/Dark Smoke Grey/Sail\r\nRelease Date\r\n2023-10-09\r\nSeries\r\nAir Jordan Clothing\r\nNickname\r\nArchaeo Brown", "image_front": "apparels/Air_Jordan_x_Travis_Scott_Leather_Moto_Jacket_Archaeo_Brown__FRONT.webp", "image_back": "apparels/Air_Jordan_x_Travis_Scott_Leather_Moto_Jacket_Archaeo_Brown__BACK.webp", "image_left": "apparels/Air_Jordan_x_Travis_Scott_Leather_Moto_Jacket_Archaeo_Brown__LEFT.webp", "image_right": "apparels/Air_Jordan_x_Travis_Scott_Leather_Moto_Jacket_Archaeo_Brown__Right.webp", "color": "Brown", "gender": "Unisex", "category": 16, "brand": 6, "is_available": true, "old_price": null}}, {"model": "busiwebapp.apparels", "pk": 6, "fields": {"name": "Skate Jacket 'Brown'", "price": 5600.0, "stock": 10, "description": "Model\r\n10026550-A02\r\nOccasion\r\nlifestyle\r\nNickname\r\nBrown\r\nRelease Date\r\n2023-11-10\r\nColorway\r\nBrown", "image_front": "apparels/ConverseSkate_Jacket_Brown__FRONT.webp", "image_back": "apparels/ConverseSkate_Jacket_Brown__BACK_6jsiDUH.webp", "image_left": "apparels/ConverseSkate_Jacket_Brown__LEFT_AhDH8dG.webp", "image_right": "apparels/ConverseSkate_Jacket_Brown__RIGHT.webp", "color": "Brown", "gender": "Unisex", "category": 16, "brand": 13, "is_available": true, "old_price": null}}, {"model": "busiwebapp.apparels", "pk": 7, "fields": {"name": "Sportswear NSW TEE BIG SWOOSH LogoT 'White'", "price": 3300.0, "stock": 10, "description": "Model\r\nDZ2882-100 | \r\nOccasion\r\nlifestyle | \r\nColorway\r\nWhite/Black | \r\nRelease Date\r\n2023-04-18", "image_front": "apparels/Sportswear_NSW_TEE_BIG_SWOOSH_Logo_T_White__LEFT.webp", "image_back": "apparels/Sportswear_NSW_TEE_BIG_SWOOSH_Logo_T_White__BACK.webp", "image_left": "apparels/Sportswear_NSW_TEE_BIG_SWOOSH_Logo_T_White__FRONT.webp", "image_right": "apparels/Sportswear_NSW_TEE_BIG_SWOOSH_Logo_T_White__RIGHT.webp", "color": "Green", "gender": "Unisex", "category": 20, "brand": 21, "is_available": true, "old_price": null}}, {"model": "busiwebapp.toys", "pk": 1, "fields": {"name": "Hirono Living Wild-Fight for Joy Plush Doll_", "price": 3500.0, "stock": 10, "description": "Brand: POP MART\r\nPRODUCT SIZE: Height about 11 cm\r\nMaterial: Plush/wick velvet fabric/PV", "image_front": "toys/Hirono_Living_Wild-Fight_for_Joy_Plush_Doll__FRONT.jpg", "image_back": "toys/Hirono_Living_Wild-Fight_for_Joy_Plush_Doll__BACK.jpg", "image_left": "toys/Hirono_Living_Wild-Fight_for_Joy_Plush_Doll__LEFT.jpg", "image_right": "toys/Hirono_Living_Wild-Fight_for_Joy_Plush_Doll__BACK_2DMABtP.jpg", "color": "Multi", "is_available": true, "old_price": null}}, {"model": "busiwebapp.toys", "pk": 2, "fields": {"name": "SKULLPANDA Lazy Panda Plush Doll Pendant", "price": 4300.0, "stock": 10, "description": "Brand: POP MART\r\nPRODUCT SIZE: Height about 13.5 cm\r\nMaterial: PVC/ABS/polyester fiber", "image_front": "toys/SKULLPANDA_Lazy_Panda_Plush_Doll_Pendant__FRONT.jpg", "image_back": "toys/SKULLPANDA_Lazy_Panda_Plush_Doll_Pendant__BACK.jpg", "image_left": "toys/SKULLPANDA_Lazy_Panda_Plush_Doll_Pendant__LEFT.jpg", "image_right": "toys/SKULLPANDA_Lazy_Panda_Plush_Doll_Pendant__RIGHT.jpg", "color": "Multi", "is_available": true, "old_price": -1.0}}, {"model": "busiwebapp.toys", "pk": 3, "fields": {"name": "MEGA SPACE MOLLY 400% + Action Figure Squid Game Set", "price": 5000.0, "stock": 10, "description": "BRAND POP MART\r\nSIZE 297mm(400%) 210mm(Action Figure)\r\nMATERIAL PVC / ABS/PC/Polyester", "image_front": "toys/MEGA_SPACE_MOLLY_400__Action_Figure_Squid_Game_Set__FRONT.jpg", "image_back": "toys/MEGA_SPACE_MOLLY_400__Action_Figure_Squid_Game_Set__BACK.jpg", "image_left": "toys/MEGA_SPACE_MOLLY_400__Action_Figure_Squid_Game_Set__LEFT.jpg", "image_right": "toys/MEGA_SPACE_MOLLY_400__Action_Figure_Squid_Game_Set__RIGHT.jpg", "color": "White, Black & Cream", "is_available": true, "old_price": null}}, {"model": "auth.permission", "fields": {"name": "Can add log entry", "content_type": ["admin", "logentry"], "codename": "add_logentry"}}, {"model": "auth.permission", "fields": {"name": "Can change log entry", "content_type": ["admin", "logentry"], "codename": "change_logentry"}}, {"model": "auth.permission", "fields": {"name": "Can delete log entry", "content_type": ["admin", "logentry"], "codename": "delete_logentry"}}, {"model": "auth.permission", "fields": {"name": "Can view log entry", "content_type": ["admin", "logentry"], "codename": "view_logentry"}}, {"model": "auth.permission", "fields": {"name": "Can add permission", "content_type": ["auth", "permission"], "codename": "add_permission"}}, {"model": "auth.permission", "fields": {"name": "Can change permission", "content_type": ["auth", "permission"], "codename": "change_permission"}}, {"model": "auth.permission", "fields": {"name": "Can delete permission", "content_type": ["auth", "permission"], "codename": "delete_permission"}}, {"model": "auth.permission", "fields": {"name": "Can view permission", "content_type": ["auth", "permission"], "codename": "view_permission"}}, {"model": "auth.permission", "fields": {"name": "Can add group", "content_type": ["auth", "group"], "codename": "add_group"}}, {"model": "auth.permission", "fields": {"name": "Can change group", "content_type": ["auth", "group"], "codename": "change_group"}}, {"model": "auth.permission", "fields": {"name": "Can delete group", "content_type": ["auth", "group"], "codename": "delete_group"}}, {"model": "auth.permission", "fields": {"name": "Can view group", "content_type": ["auth", "group"], "codename": "view_group"}}, {"model": "auth.permission", "fields": {"name": "Can add user", "content_type": ["auth", "user"], "codename": "add_user"}}, {"model": "auth.permission", "fields": {"name": "Can change user", "content_type": ["auth", "user"], "codename": "change_user"}}, {"model": "auth.permission", "fields": {"name": "Can delete user", "content_type": ["auth", "user"], "codename": "delete_user"}}, {"model": "auth.permission", "fields": {"name": "Can view user", "content_type": ["auth", "user"], "codename": "view_user"}}, {"model": "auth.permission", "fields": {"name": "Can add content type", "content_type": ["contenttypes", "contenttype"], "codename": "add_contenttype"}}, {"model": "auth.permission", "fields": {"name": "Can change content type", "content_type": ["contenttypes", "contenttype"], "codename": "change_contenttype"}}, {"model": "auth.permission", "fields": {"name": "Can delete content type", "content_type": ["contenttypes", "contenttype"], "codename": "delete_contenttype"}}, {"model": "auth.permission", "fields": {"name": "Can view content type", "content_type": ["contenttypes", "contenttype"], "codename": "view_contenttype"}}, {"model": "auth.permission", "fields": {"name": "Can add session", "content_type": ["sessions", "session"], "codename": "add_session"}}, {"model": "auth.permission", "fields": {"name": "Can change session", "content_type": ["sessions", "session"], "codename": "change_session"}}, {"model": "auth.permission", "fields": {"name": "Can delete session", "content_type": ["sessions", "session"], "codename": "delete_session"}}, {"model": "auth.permission", "fields": {"name": "Can view session", "content_type": ["sessions", "session"], "codename": "view_session"}}, {"model": "auth.permission", "fields": {"name": "Can add admin", "content_type": ["busiwebapp", "admin"], "codename": "add_admin"}}, {"model": "auth.permission", "fields": {"name": "Can change admin", "content_type": ["busiwebapp", "admin"], "codename": "change_admin"}}, {"model": "auth.permission", "fields": {"name": "Can delete admin", "content_type": ["busiwebapp", "admin"], "codename": "delete_admin"}}, {"model": "auth.permission", "fields": {"name": "Can view admin", "content_type": ["busiwebapp", "admin"], "codename": "view_admin"}}, {"model": "auth.permission", "fields": {"name": "Can add brand", "content_type": ["busiwebapp", "brand"], "codename": "add_brand"}}, {"model": "auth.permission", "fields": {"name": "Can change brand", "content_type": ["busiwebapp", "brand"], "codename": "change_brand"}}, {"model": "auth.permission", "fields": {"name": "Can delete brand", "content_type": ["busiwebapp", "brand"], "codename": "delete_brand"}}, {"model": "auth.permission", "fields": {"name": "Can view brand", "content_type": ["busiwebapp", "brand"], "codename": "view_brand"}}, {"model": "auth.permission", "fields": {"name": "Can add category", "content_type": ["busiwebapp", "category"], "codename": "add_category"}}, {"model": "auth.permission", "fields": {"name": "Can change category", "content_type": ["busiwebapp", "category"], "codename": "change_category"}}, {"model": "auth.permission", "fields": {"name": "Can delete category", "content_type": ["busiwebapp", "category"], "codename": "delete_category"}}, {"model": "auth.permission", "fields": {"name": "Can view category", "content_type": ["busiwebapp", "category"], "codename": "view_category"}}, {"model": "auth.permission", "fields": {"name": "Can add shoes", "content_type": ["busiwebapp", "shoes"], "codename": "add_shoes"}}, {"model": "auth.permission", "fields": {"name": "Can change shoes", "content_type": ["busiwebapp", "shoes"], "codename": "change_shoes"}}, {"model": "auth.permission", "fields": {"name": "Can delete shoes", "content_type": ["busiwebapp", "shoes"], "codename": "delete_shoes"}}, {"model": "auth.permission", "fields": {"name": "Can view shoes", "content_type": ["busiwebapp", "shoes"], "codename": "view_shoes"}}, {"model": "auth.permission", "fields": {"name": "Can add toys", "content_type": ["busiwebapp", "toys"], "codename": "add_toys"}}, {"model": "auth.permission", "fields": {"name": "Can change toys", "content_type": ["busiwebapp", "toys"], "codename": "change_toys"}}, {"model": "auth.permission", "fields": {"name": "Can delete toys", "content_type": ["busiwebapp", "toys"], "codename": "delete_toys"}}, {"model": "auth.permission", "fields": {"name": "Can view toys", "content_type": ["busiwebapp", "toys"], "codename": "view_toys"}}, {"model": "auth.permission", "fields": {"name": "Can add apparels", "content_type": ["busiwebapp", "apparels"], "codename": "add_apparels"}}, {"model": "auth.permission", "fields": {"name": "Can change apparels", "content_type": ["busiwebapp", "apparels"], "codename": "change_apparels"}}, {"model": "auth.permission", "fields": {"name": "Can delete apparels", "content_type": ["busiwebapp", "apparels"], "codename": "delete_apparels"}}, {"model": "auth.permission", "fields": {"name": "Can view apparels", "content_type": ["busiwebapp", "apparels"], "codename": "view_apparels"}}, {"model": "auth.permission", "fields": {"name": "Can add order", "content_type": ["busiwebapp", "order"], "codename": "add_order"}}, {"model": "auth.permission", "fields": {"name": "Can change order", "content_type": ["busiwebapp", "order"], "codename": "change_order"}}, {"model": "auth.permission", "fields": {"name": "Can delete order", "content_type": ["busiwebapp", "order"], "codename": "delete_order"}}, {"model": "auth.permission", "fields": {"name": "Can view order", "content_type": ["busiwebapp", "order"], "codename": "view_order"}}, {"model": "auth.permission", "fields": {"name": "Can add user profile", "content_type": ["busiwebapp", "userprofile"], "codename": "add_userprofile"}}, {"model": "auth.permission", "fields": {"name": "Can change user profile", "content_type": ["busiwebapp", "userprofile"], "codename": "change_userprofile"}}, {"model": "auth.permission", "fields": {"name": "Can delete user profile", "content_type": ["busiwebapp", "userprofile"], "codename": "delete_userprofile"}}, {"model": "auth.permission", "fields": {"name": "Can view user profile", "content_type": ["busiwebapp", "userprofile"], "codename": "view_userprofile"}}, {"model": "auth.user", "fields": {"password": "pbkdf2_sha256$1000000$sqO30bb11ixiXRF1VC5egY$REw/63MDQJKR/IsusRq+Q56JbUs99CObZFGMKHb6BHE=", "last_login": null, "is_superuser": true, "username": "admin", "first_name": "", "last_name": "", "email": "admin@streethaven.com", "is_staff": true, "is_active": true, "date_joined": "2026-04-12T12:54:32.420Z", "groups": [], "user_permissions": []}}, {"model": "auth.user", "fields": {"password": "pbkdf2_sha256$1000000$lMdjHrWZeTxFDhUyPRhRF2$SYwrKirLUPcArlTyM5T0gX7HO4K2iX9AjxRQrHO1WGg=", "last_login": "2026-04-12T14:19:30.202Z", "is_superuser": false, "username": "QRH31", "first_name": "", "last_name": "", "email": "", "is_staff": false, "is_active": true, "date_joined": "2026-04-12T12:56:08.914Z", "groups": [], "user_permissions": []}}, {"model": "auth.user", "fields": {"password": "pbkdf2_sha256$1000000$0N1wXZrZ3lCSxMhF2icxMJ$ReD1qUsHQbAgA2zJVrKI39ZzuDmJFBLRFTl7UuoJXgM=", "last_login": "2026-04-13T10:03:27.944Z", "is_superuser": true, "username": "QUIEL3113", "first_name": "Quiel", "last_name": "Hisarza", "email": "Quielrh@gmail.com", "is_staff": true, "is_active": true, "date_joined": "2026-04-12T15:17:13.158Z", "groups": [], "user_permissions": []}}, {"model": "auth.user", "fields": {"password": "pbkdf2_sha256$1000000$YfzHlUdMVrdfO1ILmtRoS2$+cRdQMMZNcV625wCotaN2k2WGayFXWpPD+6PaS1mPPc=", "last_login": "2026-04-13T10:40:53.081Z", "is_superuser": false, "username": "John Mark", "first_name": "John", "last_name": "Mark", "email": "JM@gmail.com", "is_staff": false, "is_active": true, "date_joined": "2026-04-13T10:31:23.960Z", "groups": [], "user_permissions": []}}, {"model": "auth.user", "fields": {"password": "pbkdf2_sha256$1000000$HI344ubRIbmmwqHr98bwrk$f10VCjTCKoFIB4i57PfFwxjV/tzqOe/wk47Z6kuAB+8=", "last_login": "2026-05-04T05:51:01.381Z", "is_superuser": false, "username": "natnats", "first_name": "Natalie", "last_name": "Jade Sarinas", "email": "nataliejadesarinas@gmail.com", "is_staff": false, "is_active": true, "date_joined": "2026-04-14T01:24:29.543Z", "groups": [], "user_permissions": []}}, {"model": "auth.user", "fields": {"password": "pbkdf2_sha256$1000000$bpfTXtZMfVQypZFzgYMKwD$KM/L0HWHo/APaVTpVL/MmO4/UaQit9NO6HMeNZo6lJs=", "last_login": "2026-05-07T06:42:01.165Z", "is_superuser": true, "username": "nataliejade", "first_name": "", "last_name": "", "email": "nataliejadesarinas@gmail.com", "is_staff": true, "is_active": true, "date_joined": "2026-04-14T02:02:41.000Z", "groups": [], "user_permissions": []}}, {"model": "auth.user", "fields": {"password": "pbkdf2_sha256$1000000$ssxfQTgPcCV96eS1Ei8n5B$7gB4VmQXM7ZfXpwPg2kN8DVEQLduaxz0wWbPKR02DyM=", "last_login": "2026-04-14T02:18:45.658Z", "is_superuser": false, "username": "juantwo", "first_name": "Juan", "last_name": "Bonnie Danieros", "email": "juan@gmail.com", "is_staff": false, "is_active": true, "date_joined": "2026-04-14T02:18:44.223Z", "groups": [], "user_permissions": []}}, {"model": "auth.user", "fields": {"password": "pbkdf2_sha256$1000000$8lrgwN3pB2xqMYQMvQCSbm$WI7tXIb9xniH/WYEpLO8+pV0N4Fp7wotjGP5P9Og2ng=", "last_login": "2026-04-14T02:32:19.227Z", "is_superuser": false, "username": "naruto", "first_name": "Naruto", "last_name": "Shippuden", "email": "naruto@gmail.com", "is_staff": false, "is_active": true, "date_joined": "2026-04-14T02:32:17.406Z", "groups": [], "user_permissions": []}}, {"model": "auth.user", "fields": {"password": "pbkdf2_sha256$1000000$tt5ywrtx9ScrkRkFkZ6kgp$vkcyUqbgHJndS5lhpuL+09obzLRxNasvdS78kmZzqkU=", "last_login": "2026-05-07T06:47:35.958Z", "is_superuser": false, "username": "eren", "first_name": "Eren", "last_name": "Yeager", "email": "eren@gmail.com", "is_staff": false, "is_active": true, "date_joined": "2026-04-14T02:39:12.353Z", "groups": [], "user_permissions": []}}, {"model": "auth.user", "fields": {"password": "pbkdf2_sha256$1000000$X2mcMQZ6fPecC8lqttoLaW$B+ucbullHaPMWhOTa5kXj8SroohtlCu5ebH/U86BBjU=", "last_login": "2026-04-14T03:25:24.008Z", "is_superuser": false, "username": "sasha", "first_name": "Sasha", "last_name": "Braus", "email": "sasha@gmail.com", "is_staff": false, "is_active": true, "date_joined": "2026-04-14T03:25:21.624Z", "groups": [], "user_permissions": []}}, {"model": "auth.user", "fields": {"password": "pbkdf2_sha256$1000000$JPoOoo8hjHCnmooBlC5f4N$c2Y+fi417ZaCG5ZU4EmGEt0aQpUGeXlKJlyQSx5b1JY=", "last_login": "2026-05-07T12:53:10.559Z", "is_superuser": false, "username": "mikasa", "first_name": "Mikasa", "last_name": "Ackerman", "email": "mikasa@gmail.com", "is_staff": false, "is_active": true, "date_joined": "2026-04-14T03:35:15.101Z", "groups": [], "user_permissions": []}}, {"model": "auth.user", "fields": {"password": "pbkdf2_sha256$1000000$n9BvLhNwf6b8uY4DKPIoKP$QcWETa6Ij5MOt3/J12d/pYUuaVXRagPX957CFwNe6nw=", "last_login": "2026-04-14T09:08:13.166Z", "is_superuser": false, "username": "linda", "first_name": "Linda", "last_name": "Walker", "email": "linda@gmail.com", "is_staff": false, "is_active": true, "date_joined": "2026-04-14T09:08:11.704Z", "groups": [], "user_permissions": []}}, {"model": "auth.user", "fields": {"password": "pbkdf2_sha256$1000000$17KXldTWMk2QRrc6rKf5Ap$g9SMv9qZY/NCbF5WByl3kCGG27zdS8z4RLyAltRF01A=", "last_login": "2026-04-14T14:09:30.723Z", "is_superuser": false, "username": "nats", "first_name": "Natalie", "last_name": "Jade Sarinas", "email": "sarinas@gmail.com", "is_staff": false, "is_active": true, "date_joined": "2026-04-14T13:45:00.906Z", "groups": [], "user_permissions": []}}, {"model": "auth.user", "fields": {"password": "pbkdf2_sha256$1000000$Wica55z70jt5Z5yZzIoAvr$W18BMPwMvj8Rlmwc6PJ1YghdCHinaQ+kXezgu60FGbk=", "last_login": "2026-04-14T14:31:39.310Z", "is_superuser": false, "username": "natan", "first_name": "Nataniel", "last_name": "Sarinas", "email": "natesarinas@gmail.com", "is_staff": false, "is_active": true, "date_joined": "2026-04-14T14:31:38.037Z", "groups": [], "user_permissions": []}}, {"model": "auth.user", "fields": {"password": "pbkdf2_sha256$1000000$pHSbhgH2oIre1Z2OeIsD56$gzKxm2vGCSny94OZdafHEk3I0Qk8zN6Cu2pYmIjVL7c=", "last_login": "2026-05-07T06:47:56.875Z", "is_superuser": false, "username": "walking", "first_name": "Linda", "last_name": "Maria Walker", "email": "maria@gmail.com", "is_staff": false, "is_active": true, "date_joined": "2026-05-04T05:08:08.995Z", "groups": [], "user_permissions": []}}, {"model": "busiwebapp.userprofile", "pk": 1, "fields": {"user": ["eren"], "avatar": "profiles/blue1_9Ivdgtn.jpg", "contact": "+63 998 765 4321", "dob": null, "address": "", "updated_at": "2026-05-01T07:03:04.977Z"}}, {"model": "busiwebapp.userprofile", "pk": 2, "fields": {"user": ["admin"], "avatar": "", "contact": "", "dob": null, "address": "", "updated_at": "2026-05-01T07:03:04.977Z"}}, {"model": "busiwebapp.userprofile", "pk": 3, "fields": {"user": ["QRH31"], "avatar": "", "contact": "", "dob": null, "address": "", "updated_at": "2026-05-01T07:03:04.977Z"}}, {"model": "busiwebapp.userprofile", "pk": 4, "fields": {"user": ["QUIEL3113"], "avatar": "", "contact": "", "dob": null, "address": "", "updated_at": "2026-05-01T07:03:04.977Z"}}, {"model": "busiwebapp.userprofile", "pk": 5, "fields": {"user": ["John Mark"], "avatar": "", "contact": "", "dob": null, "address": "", "updated_at": "2026-05-01T07:03:04.977Z"}}, {"model": "busiwebapp.userprofile", "pk": 6, "fields": {"user": ["natnats"], "avatar": "profiles/orange_yX7BAWx.jpg", "contact": "", "dob": null, "address": "", "updated_at": "2026-05-01T07:09:06.867Z"}}, {"model": "busiwebapp.userprofile", "pk": 7, "fields": {"user": ["nataliejade"], "avatar": "profiles/yoo.jpg", "contact": "", "dob": null, "address": "", "updated_at": "2026-05-04T06:22:17.796Z"}}, {"model": "busiwebapp.userprofile", "pk": 8, "fields": {"user": ["juantwo"], "avatar": "", "contact": "", "dob": null, "address": "", "updated_at": "2026-05-01T07:03:04.977Z"}}, {"model": "busiwebapp.userprofile", "pk": 9, "fields": {"user": ["naruto"], "avatar": "", "contact": "", "dob": null, "address": "", "updated_at": "2026-05-01T07:03:04.977Z"}}, {"model": "busiwebapp.userprofile", "pk": 11, "fields": {"user": ["sasha"], "avatar": "profiles/httyd.jpg", "contact": "+63 976 767 7676", "dob": "2000-12-02", "address": "Appalachian street, blk 1 lot 2, Baranggay. Manggahan, Orani, Bataan", "updated_at": "2026-05-01T07:03:04.977Z"}}, {"model": "busiwebapp.userprofile", "pk": 12, "fields": {"user": ["mikasa"], "avatar": "profiles/toothless_M5CQQBj.jpg", "contact": "+63 967 667 6767", "dob": "2010-12-17", "address": "Appalachian street, blk 1 lot 2, Baranggay. Manggahan, Zambales", "updated_at": "2026-05-01T07:03:04.977Z"}}, {"model": "busiwebapp.userprofile", "pk": 13, "fields": {"user": ["linda"], "avatar": "profiles/linda-walker.png", "contact": "+63 911 222 3333", "dob": "2008-12-18", "address": "Appalachian street, blk 1 lot 2, Baranggay. Manggahan, Cabanatuan City, Nueva Ecija", "updated_at": "2026-05-01T07:03:04.977Z"}}, {"model": "busiwebapp.userprofile", "pk": 14, "fields": {"user": ["nats"], "avatar": "profiles/orange_5aY1EUh.jpg", "contact": "+63 911 222 3333", "dob": "2011-12-17", "address": "Appalachian street, blk 1 lot 2, Baranggay. Manggahan, Olongapo City, Zambales", "updated_at": "2026-05-01T07:03:04.977Z"}}, {"model": "busiwebapp.userprofile", "pk": 15, "fields": {"user": ["natan"], "avatar": "profiles/blue1_kguhZQ7.jpg", "contact": "+63 912 345 6789", "dob": "2010-11-14", "address": "Appalachian street, blk 1 lot 2, Baranggay. Manggahan, Dasmariñas, Cavite", "updated_at": "2026-05-01T07:03:04.977Z"}}, {"model": "busiwebapp.userprofile", "pk": 16, "fields": {"user": ["walking"], "avatar": "profiles/linda-walker_bpkEZqa.png", "contact": "+63 911 222 3333", "dob": "2024-12-11", "address": "Appalachian street, blk 1 lot 2, Baranggay. Manggahan, Tanauan, Batangas", "updated_at": "2026-05-04T05:08:28.675Z"}}, {"model": "busiwebapp.order", "pk": 3, "fields": {"user": ["walking"], "product_name": "Air Max 90 SE 'Black Scream Green' x3", "price": 25500.0, "image": null, "date": "2026-05-04T05:10:35.896Z", "status": "pending"}}, {"model": "busiwebapp.order", "pk": 4, "fields": {"user": ["walking"], "product_name": "Stan Smith 'Superstan'", "price": 9700.0, "image": null, "date": "2026-05-04T05:10:36.010Z", "status": "pending"}}, {"model": "busiwebapp.order", "pk": 5, "fields": {"user": ["walking"], "product_name": "Nike Dunk Low \"Vintage Navy\"", "price": 6800.0, "image": null, "date": "2026-05-04T05:10:36.031Z", "status": "pending"}}, {"model": "busiwebapp.order", "pk": 6, "fields": {"user": ["walking"], "product_name": "Nike Dunk Low \"Vintage Navy\"", "price": 6800.0, "image": null, "date": "2026-05-04T05:11:58.901Z", "status": "pending"}}, {"model": "busiwebapp.order", "pk": 7, "fields": {"user": ["walking"], "product_name": "Hirono Living Wild-Fight for Joy Plush Doll_", "price": 3500.0, "image": null, "date": "2026-05-04T05:14:20.691Z", "status": "pending"}}, {"model": "busiwebapp.order", "pk": 8, "fields": {"user": ["walking"], "product_name": "SKULLPANDA Lazy Panda Plush Doll Pendant", "price": 4300.0, "image": null, "date": "2026-05-04T05:14:20.727Z", "status": "pending"}}, {"model": "busiwebapp.order", "pk": 9, "fields": {"user": ["walking"], "product_name": "MEGA SPACE MOLLY 400% + Action Figure Squid Game Set", "price": 5000.0, "image": null, "date": "2026-05-04T05:14:20.742Z", "status": "pending"}}, {"model": "busiwebapp.order", "pk": 10, "fields": {"user": ["walking"], "product_name": "Sportswear NSW TEE BIG SWOOSH LogoT 'White'", "price": 3300.0, "image": "/media/apparels/Sportswear_NSW_TEE_BIG_SWOOSH_Logo_T_White__FRONT.webp", "date": "2026-05-04T05:33:34.458Z", "status": "pending"}}, {"model": "busiwebapp.order", "pk": 11, "fields": {"user": ["walking"], "product_name": "Air Jorda 1 Low SE 'Lightbulb'", "price": 8500.0, "image": "/media/shoes/AJ_1_Low_SE_Lightbulb_LEFT_FXEfrNY_F7fb9Jo.webp", "date": "2026-05-04T05:37:07.378Z", "status": "pending"}}, {"model": "busiwebapp.order", "pk": 12, "fields": {"user": ["walking"], "product_name": "CTT Track Jacket 3.1 Asia Sizing 'Chinese New Year CNY Olive'", "price": 2800.0, "image": "/media/apparels/CTT_Track_Jacket_3_J6XU4id.1_Asia_Sizing_Chinese_New_Year_CNY_Olive__LEFT.webp", "date": "2026-05-04T05:37:07.404Z", "status": "pending"}}, {"model": "busiwebapp.order", "pk": 13, "fields": {"user": ["walking"], "product_name": "Skate Jacket 'Brown'", "price": 5600.0, "image": "/media/apparels/ConverseSkate_Jacket_Brown__LEFT_AhDH8dG.webp", "date": "2026-05-04T05:37:07.428Z", "status": "pending"}}, {"model": "busiwebapp.order", "pk": 14, "fields": {"user": ["walking"], "product_name": "Jordan 4 Retro", "price": 4000.0, "image": "/media/shoes/air_forcelow1_114O4cd.jpg", "date": "2026-05-04T05:37:07.450Z", "status": "pending"}}, {"model": "busiwebapp.order", "pk": 15, "fields": {"user": ["walking"], "product_name": "Air Jordan 4 Retro 'Vivid Sulfur'", "price": 15000.0, "image": "/media/shoes/Air_Jordan_4_Retro_Vivid_Sulfur__LEFT_dMsHRfw.webp", "date": "2026-05-04T05:37:07.469Z", "status": "pending"}}, {"model": "busiwebapp.order", "pk": 16, "fields": {"user": ["walking"], "product_name": "Kobe 5 Protro 'Year of the Mamba University Red'", "price": 20000.0, "image": "/media/shoes/N_Kobe_5_Protro_Year_of_the_Mamba_University_Red__LEFT_YEl1P7X.webp", "date": "2026-05-04T05:46:14.221Z", "status": "pending"}}, {"model": "busiwebapp.order", "pk": 17, "fields": {"user": ["natnats"], "product_name": "Air Max 90 SE 'Black Scream Green'", "price": 8500.0, "image": "/media/shoes/Air_Max_90_SE_Black_Scream_Green__LEFT.webp", "date": "2026-05-04T05:51:55.216Z", "status": "pending"}}, {"model": "busiwebapp.order", "pk": 18, "fields": {"user": ["natnats"], "product_name": "Nike Dunk Low \"Vintage Navy\"", "price": 6800.0, "image": "/media/shoes/Nike_Dunk_Low_Vintage_Navy__LEFT.webp", "date": "2026-05-04T05:51:55.275Z", "status": "pending"}}, {"model": "busiwebapp.order", "pk": 19, "fields": {"user": ["natnats"], "product_name": "Stan Smith 'Superstan' x2", "price": 19400.0, "image": "/media/shoes/ADIDAS_Stan_Smith_Superstan__LEFT_yvI4kq1.webp", "date": "2026-05-04T05:51:55.300Z", "status": "pending"}}, {"model": "busiwebapp.order", "pk": 20, "fields": {"user": ["natnats"], "product_name": "Air Jordan 1 Low SE Craft 'Inside Out'", "price": 9800.0, "image": "/media/shoes/Air_Jordan_1_Low_SE_Craft_Inside_Out_LEFT_dp7OTQj.webp", "date": "2026-05-04T05:51:55.320Z", "status": "pending"}}, {"model": "busiwebapp.order", "pk": 21, "fields": {"user": ["eren"], "product_name": "CTT Track Jacket 3.1 Asia Sizing 'Chinese New Year CNY Olive'", "price": 2800.0, "image": "/media/apparels/CTT_Track_Jacket_3_J6XU4id.1_Asia_Sizing_Chinese_New_Year_CNY_Olive__LEFT.webp", "date": "2026-05-04T06:23:54.286Z", "status": "pending"}}, {"model": "busiwebapp.order", "pk": 22, "fields": {"user": ["eren"], "product_name": "originals Fur Jacket Tr HR3483 'Black'", "price": 2200.0, "image": "/media/apparels/adidas_originals_Fur_Jacket_Tr__LEFT.webp", "date": "2026-05-04T06:23:54.311Z", "status": "pending"}}, {"model": "busiwebapp.order", "pk": 23, "fields": {"user": ["eren"], "product_name": "Skate Jacket 'Brown'", "price": 5600.0, "image": "/media/apparels/ConverseSkate_Jacket_Brown__LEFT_AhDH8dG.webp", "date": "2026-05-04T06:23:54.337Z", "status": "pending"}}, {"model": "busiwebapp.order", "pk": 24, "fields": {"user": ["mikasa"], "product_name": "Tech Fleece Full Zip Windrunner Hooded Jacket Asia Sizing 'Black'", "price": 5000.0, "image": "/media/apparels/Tech_Fleece_Full_Zip_Windrunner_Hooded_Jacket_Asia_Sizing_Black__LEFT.webp", "date": "2026-05-04T06:54:26.343Z", "status": "pending"}}, {"model": "busiwebapp.order", "pk": 25, "fields": {"user": ["mikasa"], "product_name": "CTT Track Jacket 3.1 Asia Sizing 'Chinese New Year CNY Olive'", "price": 2800.0, "image": "/media/apparels/CTT_Track_Jacket_3_J6XU4id.1_Asia_Sizing_Chinese_New_Year_CNY_Olive__LEFT.webp", "date": "2026-05-04T06:54:26.432Z", "status": "pending"}}, {"model": "busiwebapp.order", "pk": 26, "fields": {"user": ["mikasa"], "product_name": "originals Fur Jacket Tr HR3483 'Black'", "price": 2200.0, "image": "/media/apparels/adidas_originals_Fur_Jacket_Tr__LEFT.webp", "date": "2026-05-04T06:54:26.468Z", "status": "pending"}}, {"model": "busiwebapp.order", "pk": 27, "fields": {"user": ["mikasa"], "product_name": "Sportswear NSW TEE BIG SWOOSH Logo T 'White'", "price": 2000.0, "image": "/media/apparels/Sportswear_NSW_TEE_BIG_SWOOSH_Logo_T_White__LEFT_s2KLg8e.webp", "date": "2026-05-04T06:54:26.484Z", "status": "pending"}}, {"model": "busiwebapp.order", "pk": 28, "fields": {"user": ["mikasa"], "product_name": "Air Jordan x Travis Scott Leather Moto Jacket 'Archaeo Brown'_", "price": 14000.0, "image": "/media/apparels/Air_Jordan_x_Travis_Scott_Leather_Moto_Jacket_Archaeo_Brown__LEFT.webp", "date": "2026-05-04T06:54:26.534Z", "status": "pending"}}, {"model": "busiwebapp.order", "pk": 29, "fields": {"user": ["mikasa"], "product_name": "Sportswear NSW TEE BIG SWOOSH LogoT 'White'", "price": 3300.0, "image": "/media/apparels/Sportswear_NSW_TEE_BIG_SWOOSH_Logo_T_White__FRONT.webp", "date": "2026-05-04T06:54:26.572Z", "status": "pending"}}, {"model": "busiwebapp.order", "pk": 30, "fields": {"user": ["mikasa"], "product_name": "Skate Jacket 'Brown'", "price": 5600.0, "image": "/media/apparels/ConverseSkate_Jacket_Brown__LEFT_AhDH8dG.webp", "date": "2026-05-04T06:54:26.601Z", "status": "pending"}}, {"model": "busiwebapp.order", "pk": 31, "fields": {"user": ["eren"], "product_name": "Air Max 90 SE 'Black Scream Green'", "price": 8500.0, "image": "/media/shoes/Air_Max_90_SE_Black_Scream_Green__LEFT.webp", "date": "2026-05-05T09:54:20.100Z", "status": "pending"}}, {"model": "busiwebapp.order", "pk": 32, "fields": {"user": ["eren"], "product_name": "Nike Dunk Low \"Vintage Navy\"", "price": 6800.0, "image": "/media/shoes/Nike_Dunk_Low_Vintage_Navy__LEFT.webp", "date": "2026-05-05T09:54:20.128Z", "status": "pending"}}, {"model": "busiwebapp.order", "pk": 33, "fields": {"user": ["eren"], "product_name": "Stan Smith 'Superstan'", "price": 9700.0, "image": "/media/shoes/ADIDAS_Stan_Smith_Superstan__LEFT_yvI4kq1.webp", "date": "2026-05-05T09:54:20.148Z", "status": "pending"}}, {"model": "busiwebapp.order", "pk": 34, "fields": {"user": ["walking"], "product_name": "originals Fur Jacket Tr HR3483 'Black'", "price": 2200.0, "image": "/media/apparels/adidas_originals_Fur_Jacket_Tr__LEFT.webp", "date": "2026-05-07T06:49:13.270Z", "status": "pending"}}, {"model": "busiwebapp.order", "pk": 35, "fields": {"user": ["walking"], "product_name": "Tech Fleece Full Zip Windrunner Hooded Jacket Asia Sizing 'Black'", "price": 5000.0, "image": "/media/apparels/Tech_Fleece_Full_Zip_Windrunner_Hooded_Jacket_Asia_Sizing_Black__LEFT.webp", "date": "2026-05-07T06:49:13.320Z", "status": "pending"}}]